MotherID,MotherID_unique,BirthSeason,Total_Offspring_Count,TotalSons,SonID,DSB_Score,SSB_Score,TotalMounts,Scan_Count,adjusted_DSB,adjusted_SSB,adjusted_TM
ID_4994,0B4a,2005,9,8,ID_4974,0,1,1,0,0,0,0
ID_6816,0B5b,2005,10,2,ID_4163,0,1,1,0,0,0,0
ID_6816,0B5c,2005,10,2,ID_5515,0,0,0,0,0,0,0
ID_5891,0M4c,2011,6,4,ID_7840,0,0,0,0,0,0,0
ID_7773,0M6a,2012,3,2,ID_9989,0,0,0,0,0,0,0
ID_4108,0T6a,2015,1,1,ID_6785,0,0,0,0,0,0,0
ID_3820,0Z2a,2017,1,1,ID_5152,0,0,0,0,0,0,0
ID_5173,13Aa,1992,7,4,ID_8892,0,1,1,0,0,0,0
ID_5621,15Ob,2000,6,1,ID_2255,0,0,0,0,0,0,0
ID_4739,16Sa,2002,9,7,ID_5898,0,0,0,0,0,0,0
ID_4168,1B0b,2005,11,6,ID_8777,0,5,5,0,0,0,0
ID_4168,1B0c,2005,11,6,ID_5904,0,0,0,0,0,0,0
ID_7626,1EE0a,2007,9,3,ID_1347,0,0,0,0,0,0,0
ID_7626,1EE0b,2007,9,3,ID_3911,0,1,1,0,0,0,0
ID_4545,1EE6a,2007,6,3,ID_9611,0,1,1,0,0,0,0
ID_2150,1EE7b,2007,8,3,ID_6184,0,0,0,0,0,0,0
ID_4564,1G0b,2009,6,5,ID_4661,0,8,8,0,0,0,0
ID_6674,78Tc,2003,10,5,ID_2918,0,0,0,29,0,0,0
ID_8859,1I7a,2010,7,3,ID_9249,0,2,2,0,0,0,0
ID_8859,1I7b,2010,7,3,ID_8924,1,0,1,0,0,0,0
ID_4577,1K5a,2010,7,5,ID_5606,0,1,1,0,0,0,0
ID_5432,1M4a,2012,5,2,ID_7301,0,0,0,0,0,0,0
ID_5026,1Q7a,2013,3,1,ID_3418,0,2,2,0,0,0,0
ID_5634,1W2a,2016,3,1,ID_1756,0,0,0,0,0,0,0
ID_4251,21Hb,1997,10,5,ID_5449,0,2,2,0,0,0,0
ID_6520,2C8d,2006,10,6,ID_7114,0,0,0,0,0,0,0
ID_2292,2F2a,2008,5,3,ID_3731,0,1,1,0,0,0,0
ID_3014,2I3a,2010,5,3,ID_8713,0,0,0,0,0,0,0
ID_3014,2I3b,2010,5,3,ID_9186,0,4,4,0,0,0,0
ID_2405,2J5c,2010,7,5,ID_9842,0,4,4,0,0,0,0
ID_4195,2M0a,2012,7,5,ID_1815,0,0,0,0,0,0,0
ID_4195,2M0b,2012,7,5,ID_1529,0,0,0,0,0,0,0
ID_8230,2Y5a,2017,1,1,ID_6269,0,0,0,0,0,0,0
ID_3608,33Va,2004,11,6,ID_3771,0,0,0,0,0,0,0
ID_5668,35Na,2000,9,8,ID_9221,0,0,0,0,0,0,0
ID_8795,36Da,1995,12,7,ID_8751,0,0,0,0,0,0,0
ID_9080,3B8a,2006,7,4,ID_8090,0,0,0,0,0,0,0
ID_9080,3B8b,2006,7,4,ID_8640,0,1,1,0,0,0,0
ID_5000,3D9b,2007,9,6,ID_2539,0,3,3,0,0,0,0
ID_1001,3H0a,2009,7,4,ID_7043,0,2,2,0,0,0,0
ID_1001,3H0b,2009,7,4,ID_2064,0,5,5,0,0,0,0
ID_8815,3J3a,2010,5,2,ID_6472,0,0,0,0,0,0,0
ID_8815,3J3b,2010,5,2,ID_3757,0,1,1,0,0,0,0
ID_3316,3Q4a,2014,3,2,ID_1909,0,0,0,0,0,0,0
ID_6682,3U0a,2015,2,1,ID_5744,1,6,7,0,0,0,0
ID_5539,3X9a,2016,2,2,ID_7235,0,0,0,0,0,0,0
ID_8726,40Za,2004,3,2,ID_1414,0,0,0,0,0,0,0
ID_4269,44Jc,1998,13,8,ID_1453,0,0,0,0,0,0,0
ID_6129,47La,2000,3,1,ID_9839,0,0,0,0,0,0,0
ID_2224,48Ja,1998,9,7,ID_5592,0,0,0,0,0,0,0
ID_6864,48Na,2000,9,4,ID_5838,0,3,3,0,0,0,0
ID_6864,48Nb,2000,9,4,ID_7410,0,0,0,0,0,0,0
ID_2944,4A5e,2005,10,6,ID_5040,0,0,0,0,0,0,0
ID_8682,4A9a,2005,12,5,ID_8826,0,1,1,0,0,0,0
ID_5276,4B2a,2006,12,6,ID_3766,0,0,0,0,0,0,0
ID_6403,4C5c,2006,10,3,ID_9096,0,0,0,0,0,0,0
ID_6883,4D5a,2007,5,4,ID_4434,0,0,0,0,0,0,0
ID_1462,4F5b,2008,9,6,ID_9416,0,0,0,0,0,0,0
ID_1462,4F5c,2008,9,6,ID_2777,0,6,6,0,0,0,0
ID_7748,4F8c,2008,5,4,ID_5320,0,0,0,0,0,0,0
ID_3131,4I1a,2010,8,5,ID_5918,0,0,0,0,0,0,0
ID_4957,4K4a,2011,6,4,ID_5641,1,1,2,0,0,0,0
ID_6079,4L5a,2011,4,3,ID_2764,0,0,0,0,0,0,0
ID_9416,4M5a,2012,5,3,ID_7966,0,0,0,0,0,0,0
ID_5584,4N6a,2012,6,2,ID_6009,0,0,0,0,0,0,0
ID_4733,4O4a,2013,5,4,ID_4899,0,2,2,0,0,0,0
ID_8065,4P3a,2013,3,2,ID_4022,0,0,0,0,0,0,0
ID_7099,50Ib,1998,13,10,ID_9262,0,4,4,0,0,0,0
ID_7099,50Id,1998,13,10,ID_9201,0,0,0,0,0,0,0
ID_4070,52Pa,2001,15,8,ID_2990,0,1,1,0,0,0,0
ID_2953,53Zb,2005,10,7,ID_3903,0,1,1,0,0,0,0
ID_5248,55Va,2004,12,5,ID_9254,0,0,0,0,0,0,0
ID_8104,57Ta,2003,6,5,ID_2265,0,2,2,0,0,0,0
ID_7029,5C4a,2006,10,4,ID_1034,0,1,1,0,0,0,0
ID_1048,5C6a,2006,7,3,ID_7402,0,0,0,0,0,0,0
ID_1155,5EE8c,2008,8,6,ID_5296,0,2,2,0,0,0,0
ID_3217,5K3a,2011,6,5,ID_8103,0,0,0,0,0,0,0
ID_5387,5L7b,2011,5,2,ID_8678,0,0,0,0,0,0,0
ID_5243,5M9b,2012,5,2,ID_4162,0,1,1,0,0,0,0
ID_3766,5R0a,2014,4,3,ID_4868,0,1,1,0,0,0,0
ID_2692,5U5a,2015,3,1,ID_1486,2,0,2,0,0,0,0
ID_6958,5X3a,2017,2,2,ID_7441,0,1,1,0,0,0,0
ID_4184,60Ra,2002,8,3,ID_5112,0,0,0,0,0,0,0
ID_8194,60Va,2004,9,5,ID_5577,0,1,1,0,0,0,0
ID_3653,62Oa,2001,4,3,ID_3579,0,2,2,0,0,0,0
ID_3692,62Sa,2003,8,5,ID_2456,0,1,1,0,0,0,0
ID_9083,64Pa,2001,14,5,ID_9882,0,1,1,0,0,0,0
ID_4697,68Va,2004,5,3,ID_5055,0,0,0,0,0,0,0
ID_6002,6A3a,2005,3,1,ID_9678,0,0,0,0,0,0,0
ID_5827,6A4b,2005,10,6,ID_6577,0,1,1,0,0,0,0
ID_5827,6A4e,2005,10,6,ID_8279,0,0,0,0,0,0,0
ID_4944,6C0b,2006,9,4,ID_9638,0,0,0,0,0,0,0
ID_2938,6D8c,2007,9,6,ID_4177,0,1,1,0,0,0,0
ID_6411,6P1a,2013,3,2,ID_4206,0,0,0,0,0,0,0
ID_8593,6U8a,2015,2,2,ID_8704,0,0,0,0,0,0,0
ID_3485,6W2a,2016,2,2,ID_3583,2,2,4,0,0,0,0
ID_6946,74Ha,1997,2,1,ID_6886,0,0,0,0,0,0,0
ID_6674,78Ta,2003,10,5,ID_4905,0,0,0,0,0,0,0
ID_5720,7C4b,2006,7,3,ID_9115,0,0,0,0,0,0,0
ID_1541,7C8a,2007,6,4,ID_4054,0,0,0,0,0,0,0
ID_1541,7C8b,2007,6,4,ID_3800,0,12,12,0,0,0,0
ID_7842,7K8a,2011,6,2,ID_8247,0,15,15,0,0,0,0
ID_8109,7M6a,2012,3,3,ID_9551,0,1,1,0,0,0,0
ID_4630,7S8a,2015,1,1,ID_6629,0,0,0,0,0,0,0
ID_6224,7T5a,2015,1,1,ID_7338,0,0,0,0,0,0,0
ID_6321,85Vb,2004,10,5,ID_8821,0,2,2,0,0,0,0
ID_8537,86Za,2005,8,3,ID_9136,0,0,0,0,0,0,0
ID_2974,8J0a,2010,10,6,ID_6814,0,0,0,0,0,0,0
ID_7534,8J8a,2010,5,3,ID_7088,0,0,0,0,0,0,0
ID_5493,8J9a,2010,2,2,ID_1749,0,0,0,0,0,0,0
ID_7411,8M7b,2012,5,2,ID_5674,0,0,0,0,0,0,0
ID_6641,8R7a,2014,3,2,ID_8458,0,2,2,0,0,0,0
ID_8288,8S0a,2015,3,1,ID_2504,0,0,0,0,0,0,0
ID_8288,8S0b,2015,3,1,ID_5795,0,0,0,0,0,0,0
ID_2624,91Va,2004,8,2,ID_2828,0,1,1,0,0,0,0
ID_4358,95Va,2004,6,3,ID_2877,0,1,1,0,0,0,0
ID_5954,96Aa,1993,13,4,ID_3435,0,0,0,0,0,0,0
ID_2487,98Jc,1999,10,6,ID_3332,0,1,1,0,0,0,0
ID_1867,98Va,2004,8,4,ID_4371,0,1,1,0,0,0,0
ID_9567,99Zb,2005,6,3,ID_8467,0,1,1,0,0,0,0
ID_9471,9C2a,2007,3,2,ID_8874,0,0,0,0,0,0,0
ID_8077,9H9a,2009,4,3,ID_5226,0,1,1,0,0,0,0
ID_1980,9M6a,2012,3,2,ID_3713,0,0,0,0,0,0,0
ID_6523,9M8a,2012,4,2,ID_3987,0,1,1,0,0,0,0
ID_9185,AG7a,2018,1,1,ID_7576,0,0,0,0,0,0,0
ID_6344,T03a,1989,12,9,ID_8470,0,1,1,0,0,0,0
ID_1604,V36a,1989,14,6,ID_2626,0,1,1,0,0,0,0
ID_2827,V80a,1991,11,8,ID_3194,0,1,1,0,0,0,0
ID_4935,0EE1a,2007,8,4,ID_3965,0,1,0,1,0,NA,NA
ID_8525,0W7a,2016,3,3,ID_3152,0,0,0,1,0,0,0
ID_4577,1K5b,2010,7,5,ID_2788,0,0,0,1,0,0,0
ID_5031,2A2a,2005,10,5,ID_2713,0,0,0,1,0,0,0
ID_3812,2B4a,2006,5,1,ID_9661,0,1,5,1,0,NA,NA
ID_5742,2F3a,2008,5,3,ID_1323,0,1,5,1,0,NA,NA
ID_4195,2M0c,2012,7,5,ID_3129,2,0,0,1,NA,NA,NA
ID_6892,34Zb,2004,9,7,ID_6693,0,2,0,1,0,NA,NA
ID_1927,3A7b,2005,9,4,ID_5194,0,1,1,1,0,NA,NA
ID_1977,3F4b,2008,5,3,ID_4881,0,2,1,1,0,NA,NA
ID_3982,3M5a,2012,4,3,ID_9344,0,2,0,1,0,NA,NA
ID_6497,43Fb,1996,17,5,ID_5774,0,0,0,1,NA,NA,0
ID_2077,4C1a,2006,7,5,ID_4930,0,2,7,1,0,NA,NA
ID_7530,4H0d,2009,6,4,ID_2535,0,3,7,1,0,NA,NA
ID_7530,4H0c,2009,6,4,ID_9086,0,0,0,1,0,0,0
ID_8379,4I4a,2010,9,4,ID_8753,0,0,0,1,0,0,0
ID_4957,4K4c,2011,6,4,ID_8060,0,1,1,1,0,NA,NA
ID_1048,5C6c,2006,7,3,ID_5165,0,0,0,1,0,0,0
ID_7890,5M3b,2012,7,3,ID_8091,0,0,0,1,0,0,0
ID_4336,61Ka,1999,5,4,ID_5507,0,0,0,1,0,0,0
ID_4782,7A8c,2005,13,6,ID_3823,0,4,5,1,0,NA,NA
ID_5059,7B7b,2006,10,7,ID_4742,0,0,0,1,NA,NA,0
ID_4730,95Ab,1993,9,5,ID_5276,0,0,0,1,NA,NA,0
ID_1334,13Bb,1993,12,6,ID_7842,0,0,0,2,0,0,0
ID_7274,1G1b,2009,10,6,ID_3340,0,2,2,2,0,6.64385619,6.64385619
ID_6180,1K3a,2010,6,2,ID_7457,0,0,0,2,0,0,0
ID_6139,1L4b,2011,8,4,ID_6458,0,0,0,2,0,0,0
ID_5777,2EE4b,2007,11,2,ID_3643,0,0,0,2,0,0,0
ID_2405,2J5b,2010,7,5,ID_3058,0,2,2,2,0,6.64385619,6.64385619
ID_6892,34Za,2004,9,7,ID_2882,19,6,25,2,63.1166338,19.93156857,83.04820237
ID_1927,3A7a,2005,9,3,ID_4824,0,3,3,2,0,9.965784285,9.965784285
ID_8521,3B1b,2006,7,6,ID_2463,1,0,1,2,3.321928095,0,3.321928095
ID_5624,4A0a,2005,14,6,ID_1373,0,3,3,2,0,9.965784285,9.965784285
ID_2944,4A5a,2005,10,6,ID_7302,0,1,1,2,0,3.321928095,3.321928095
ID_2944,4A5b,2005,10,6,ID_3227,1,2,3,2,3.321928095,6.64385619,9.965784285
ID_7748,4F8a,2008,5,4,ID_9959,0,1,1,2,0,3.321928095,3.321928095
ID_8341,4H1a,2009,5,4,ID_9380,0,0,0,2,0,0,0
ID_7416,64Db,1995,12,5,ID_2980,1,0,1,2,3.321928095,0,3.321928095
ID_1093,8A3a,2005,10,3,ID_1064,0,0,0,2,0,0,0
ID_7322,8U8a,2015,2,1,ID_2552,0,0,0,2,0,0,0
ID_3351,13Hc,1997,11,9,ID_6162,0,0,0,3,0,0,0
ID_4251,21Ha,1997,10,5,ID_8127,0,0,0,3,0,0,0
ID_6049,29Za,2004,12,6,ID_7688,1,0,1,3,2.095903274,0,2.095903274
ID_5777,2EE4a,2007,11,2,ID_1593,1,0,1,3,2.095903274,0,2.095903274
ID_5276,4B2c,2006,12,6,ID_4581,1,1,2,3,2.095903274,2.095903274,4.191806549
ID_5276,4B2d,2006,12,6,ID_1068,2,1,3,3,4.191806549,2.095903274,6.287709823
ID_1462,4F5a,2008,9,6,ID_1719,0,8,8,3,0,16.76722619,16.76722619
ID_6955,59Aa,1993,10,6,ID_6388,0,3,3,3,0,6.287709823,6.287709823
ID_9664,5K1a,2011,3,1,ID_2399,0,0,0,3,0,0,0
ID_6485,61Jb,1999,12,7,ID_6362,0,0,0,3,0,0,0
ID_4187,6B0b,2006,6,2,ID_3697,0,0,0,3,0,0,0
ID_7251,90Pa,2002,14,2,ID_7761,0,0,0,3,0,0,0
ID_1600,93Ob,2001,14,11,ID_8414,0,2,2,3,0,4.191806549,4.191806549
ID_4613,9EE8a,2008,4,2,ID_5731,0,2,2,3,0,4.191806549,4.191806549
ID_3150,9I6a,2010,6,3,ID_7736,0,0,0,3,0,0,0
ID_2281,28Ia,1998,13,10,ID_8681,1,4,5,4,1.660964047,6.64385619,8.304820237
ID_5005,37Da,1995,9,5,ID_6838,0,1,1,4,0,1.660964047,1.660964047
ID_8521,3B1c,2006,7,6,ID_1854,0,3,3,4,0,4.982892142,4.982892142
ID_8560,3EE7b,2007,4,3,ID_9063,0,15,15,4,0,24.91446071,24.91446071
ID_8726,40Zc,2004,3,2,ID_9843,2,0,2,4,3.321928095,0,3.321928095
ID_6864,48Nd,2000,9,4,ID_3361,0,0,0,4,0,0,0
ID_5827,6A4a,2005,10,6,ID_9887,0,1,1,4,0,1.660964047,1.660964047
ID_5938,6K8a,2011,1,1,ID_6391,0,2,2,4,0,3.321928095,3.321928095
ID_1196,6T1a,2015,4,4,ID_7217,0,0,0,4,0,0,0
ID_6674,78Tb,2003,10,5,ID_1982,4,2,6,4,6.64385619,3.321928095,9.965784285
ID_2215,N12a,1989,16,10,ID_8413,1,0,1,4,1.660964047,0,1.660964047
ID_3351,13Hd,1997,11,9,ID_7408,0,3,3,5,0,4.292029674,4.292029674
ID_7274,1G1a,2009,10,6,ID_6789,0,3,3,5,0,4.292029674,4.292029674
ID_9806,2B1a,2006,6,5,ID_4165,0,1,1,5,0,1.430676558,1.430676558
ID_2216,3H4b,2009,9,4,ID_1200,0,1,1,5,0,1.430676558,1.430676558
ID_7748,4F8b,2008,5,4,ID_1292,0,6,6,5,0,8.584059348,8.584059348
ID_6544,56Aa,1993,15,9,ID_4427,0,1,1,5,0,1.430676558,1.430676558
ID_2072,5U4a,2015,3,1,ID_4681,0,4,4,5,0,5.722706232,5.722706232
ID_3351,13Hb,1997,11,9,ID_4138,0,5,5,6,0,6.425486045,6.425486045
ID_1155,5EE8a,2008,8,6,ID_4569,9,1,10,6,11.56587488,1.285097209,12.85097209
ID_7603,89Kb,1999,15,9,ID_2808,0,3,3,6,0,3.855291627,3.855291627
ID_6141,0C8a,2006,9,8,ID_7487,0,0,0,7,0,0,0
ID_4840,52Zc,2005,10,5,ID_3033,5,2,7,7,5.916473312,2.366589325,8.283062637
ID_6496,8J6a,2010,8,2,ID_7346,2,0,2,7,2.366589325,0,2.366589325
ID_9323,1I5a,2010,4,3,ID_5103,0,4,4,8,0,4.42923746,4.42923746
ID_3100,36Ob,2001,11,7,ID_6172,0,1,1,8,0,1.107309365,1.107309365
ID_2082,42La,2000,6,4,ID_8059,0,0,0,8,0,0,0
ID_7980,7J8b,2010,7,4,ID_8925,2,0,2,8,2.21461873,0,2.21461873
ID_3749,09Za,2004,8,6,ID_6052,0,0,0,9,0,0,0
ID_7230,37Pa,2001,15,8,ID_4222,0,3,3,9,0,3.143854911,3.143854911
ID_1227,4C2a,2006,11,8,ID_2847,0,0,0,9,0,0,0
ID_2938,6D8b,2007,9,6,ID_1416,1,16,17,9,1.047951637,16.76722619,17.81517783
ID_3040,L80a,1989,8,3,ID_1443,9,0,9,9,9.431564734,0,9.431564734
ID_2592,16Zb,2004,9,4,ID_6239,3,1,4,10,3,1,4
ID_2197,1L2a,2011,1,1,ID_2554,0,0,0,10,0,0,0
ID_5624,4A0d,2005,14,6,ID_6363,1,3,4,10,1,3,4
ID_2487,98Ja,1999,10,6,ID_7577,1,1,2,10,1,1,2
ID_5098,55Ja,1999,11,5,ID_7004,0,6,6,11,0,5.761515407,5.761515407
ID_9911,8F0a,2008,7,3,ID_2481,0,3,3,11,0,2.880757703,2.880757703
ID_7281,08Za,2004,3,1,ID_2013,0,0,0,12,0,0,0
ID_5576,5F7a,2008,4,3,ID_6196,0,3,3,13,0,2.693135153,2.693135153
ID_8012,04Oa,2000,4,3,ID_4179,0,0,0,14,0,0,0
ID_7085,14La,1999,6,1,ID_1308,0,2,2,14,0,1.745005739,1.745005739
ID_2773,5Q5a,2014,4,2,ID_1117,0,0,0,14,0,0,0
ID_2498,6J4a,2010,6,3,ID_6414,0,2,2,14,0,1.745005739,1.745005739
ID_6321,85Va,2004,10,5,ID_4771,0,3,3,14,0,2.617508609,2.617508609
ID_5243,5M9a,2012,5,2,ID_3724,5,1,6,15,4.251370769,0.850274154,5.101644922
ID_4782,7A8b,2005,13,6,ID_4250,3,7,10,15,2.550822461,5.951919076,8.502741537
ID_3952,2A8a,2005,8,3,ID_5660,1,0,1,16,0.830482024,0,0.830482024
ID_4158,7F2a,2008,8,4,ID_7204,0,5,5,16,0,4.152410119,4.152410119
ID_3543,47Za,2005,6,3,ID_7644,4,10,14,17,3.250846037,8.127115093,11.37796113
ID_3265,X20a,1991,8,5,ID_1261,0,0,0,17,0,0,0
ID_2405,2J5a,2010,7,5,ID_6017,0,2,2,18,0,1.59327954,1.59327954
ID_5720,7C4a,2006,7,3,ID_7712,1,1,2,18,0.79663977,0.79663977,1.59327954
ID_7475,K00a,1989,10,4,ID_3555,0,1,1,18,0,0.79663977,0.79663977
ID_1109,30Oa,2000,6,4,ID_8506,0,3,3,19,0,2.346034449,2.346034449
ID_2142,31Vb,2004,12,5,ID_3173,0,8,8,19,0,6.256091865,6.256091865
ID_1618,4U8a,2015,3,3,ID_1695,0,9,9,19,0,7.038103348,7.038103348
ID_1977,3F4a,2008,5,3,ID_9505,0,3,3,20,0,2.305865361,2.305865361
ID_1026,8H1a,2009,9,4,ID_4572,0,0,0,20,0,0,0
ID_2133,29Bb,1993,16,10,ID_9437,1,0,1,21,0.756304196,0,0.756304196
ID_2752,76Lb,2000,11,5,ID_6752,2,1,3,21,1.512608391,0.756304196,2.268912587
ID_8067,9P3a,2013,2,2,ID_2329,2,5,7,21,1.512608391,3.781520978,5.294129369
ID_5622,2Q7a,2014,4,3,ID_1083,2,1,3,23,1.468722271,0.734361136,2.203083407
ID_1048,5C6b,2006,7,3,ID_4085,168,0,168,23,123.3726708,0,123.3726708
ID_5362,62Ha,1997,9,5,ID_7496,2,1,3,23,1.468722271,0.734361136,2.203083407
ID_6484,2J2c,2010,8,6,ID_8157,2,3,5,24,1.44905355,2.173580325,3.622633876
ID_4657,51Za,2005,10,7,ID_8597,12,1,13,24,8.694321302,0.724526775,9.418848077
ID_5576,5F7b,2008,4,3,ID_4334,0,4,4,24,0,2.898107101,2.898107101
ID_3540,9N4a,2012,5,2,ID_6157,0,0,0,24,0,0,0
ID_2938,6D8a,2007,9,6,ID_9137,0,3,3,26,0,2.120181277,2.120181277
ID_6966,90Ta,2004,7,2,ID_5376,63,1,64,26,44.52380682,0.706727092,45.23053391
ID_4408,9H7a,2009,9,5,ID_2437,0,2,2,26,0,1.413454185,1.413454185
ID_3147,00Va,2004,12,7,ID_6018,5,6,11,27,3.493172124,4.191806549,7.684978672
ID_2733,2L8a,2011,7,2,ID_6289,1,0,1,27,0.698634425,0,0.698634425
ID_2216,3H4a,2009,9,4,ID_7460,0,1,1,27,0,0.698634425,0.698634425
ID_7890,5M3a,2012,7,3,ID_6320,5,2,7,27,3.493172124,1.39726885,4.890440973
ID_4840,52Za,2005,10,5,ID_1405,57,1,58,28,39.38754356,0.691009536,40.0785531
NA,NA,NA,NA,NA,ID_2114,0,0,0,29,0,0,0
ID_4529,77Va,2004,8,7,ID_2607,0,2,2,30,0,1.353984985,1.353984985
ID_2019,1G4a,2009,6,3,ID_2398,0,1,1,31,0,0.670528152,0.670528152
ID_2235,24Ba,1993,7,5,ID_2039,0,0,0,31,0,0,0
ID_2534,6K1a,2011,6,4,ID_2095,0,0,0,31,0,0,0
ID_2615,03Ja,1998,10,3,ID_6782,0,1,1,32,0,0.664385619,0.664385619
ID_2487,98Jb,1999,10,6,ID_7863,0,1,1,32,0,0.664385619,0.664385619
ID_5827,6A4d,2005,10,6,ID_8156,0,2,2,34,0,1.305927217,1.305927217
ID_7671,8R5a,2014,3,1,ID_6468,1,5,6,34,0.652963608,3.264818042,3.917781651
ID_6874,0S1a,2014,4,3,ID_5280,0,5,5,35,0,3.238199261,3.238199261
ID_7967,5I9a,2010,2,1,ID_1585,9,0,9,35,5.82875867,0,5.82875867
ID_4184,60Rb,2002,8,3,ID_1979,1,4,5,35,0.647639852,2.590559409,3.238199261
ID_5838,2M6a,2012,2,2,ID_1895,0,3,3,37,0,1.913019195,1.913019195
ID_6403,4C5b,2006,10,3,ID_2169,3,8,11,37,1.913019195,5.10138452,7.014403716
ID_9798,6N6a,2012,4,3,ID_4783,0,0,0,37,0,0,0
ID_4564,1G0a,2009,6,5,ID_8268,1,5,6,39,0.62850999,3.142549949,3.771059939
ID_1924,2N6a,2012,3,3,ID_8318,2,1,3,39,1.25701998,0.62850999,1.8855299700000001
ID_6805,30Fa,1996,9,8,ID_5345,0,4,4,39,0,2.514039959,2.514039959
ID_5253,14Zb,2004,10,4,ID_9468,3,2,5,41,1.860137667,1.240091778,3.100229444
ID_7274,1G1c,2009,10,6,ID_7902,0,70,70,41,0,43.40321222,43.40321222
ID_8084,5A0b,2005,8,8,ID_3528,3,7,10,41,1.860137667,4.340321222,6.200458889
ID_2250,0A2a,2005,7,3,ID_3974,0,15,15,42,0,9.240724816,9.240724816
ID_2142,31Va,2004,12,5,ID_8131,3,9,12,42,1.848144963,5.544434889,7.392579853
ID_5891,0M4b,2011,6,4,ID_7325,0,21,21,43,0,12.8560793,12.8560793
ID_7697,3D1b,2007,7,5,ID_1072,14,6,20,43,8.570719534,3.673165514,12.24388505
ID_2944,4A5d,2005,10,6,ID_5896,0,2,2,45,0,1.209765825,1.209765825
ID_7697,3D1a,2007,7,5,ID_7032,0,6,6,46,0,3.608462932,3.608462932
ID_4545,1EE6b,2007,6,3,ID_2746,1,3,4,47,0.598051122,1.794153366,2.392204488
ID_8341,4H1b,2009,5,4,ID_4744,0,5,5,47,0,2.99025561,2.99025561
ID_2953,53Za,2005,10,7,ID_5415,0,5,5,47,0,2.99025561,2.99025561
ID_5193,2G4a,2009,2,2,ID_3138,5,7,12,48,2.973993196,4.163590474,7.137583669
ID_8590,00Ja,1998,10,4,ID_8218,0,1,1,49,0,0.591647331,0.591647331
ID_5253,14Za,2004,10,4,ID_5532,1,12,13,49,0.591647331,7.099767975,7.691415306
ID_5915,63Va,2004,10,5,ID_8254,1,2,3,49,0.591647331,1.183294662,1.774941994
ID_5621,15Oa,2000,6,1,ID_8988,0,4,4,50,0,2.35436764,2.35436764
ID_6139,1L4a,2011,8,4,ID_8378,3,3,6,50,1.76577573,1.76577573,3.53155146
ID_6332,87Fa,1996,12,10,ID_2326,2,3,5,51,1.171254938,1.756882406,2.928137344
ID_2332,5O0a,2013,4,3,ID_6408,0,3,3,52,0,1.748248342,1.748248342
ID_4187,6B0a,2006,6,2,ID_6527,0,5,5,52,0,2.913747236,2.913747236
ID_7826,J74a,1989,7,4,ID_4655,0,2,2,52,0,1.165498895,1.165498895
ID_9567,99Za,2005,6,3,ID_2377,0,1,1,53,0,0.579953601,0.579953601
ID_9125,2G2a,2009,7,4,ID_1928,0,11,11,54,0,6.349595718,6.349595718
ID_8521,3B1d,2006,7,6,ID_2757,4,0,4,54,2.308943898,0,2.308943898
ID_1825,3J5a,2010,6,1,ID_1100,2,5,7,54,1.154471949,2.886179872,4.040651821
ID_7568,61Aa,1993,9,4,ID_5350,21,8,29,54,12.12195546,4.617887795,16.73984326
ID_5075,93Zb,2005,6,4,ID_8594,0,0,0,54,0,0,0
ID_2467,V72a,1990,10,7,ID_4290,6,1,7,54,3.463415846,0.577235974,4.040651821
ID_4168,1B0a,2005,11,6,ID_5784,0,10,10,56,0,5.720208493,5.720208493
ID_6585,32Ga,1997,5,5,ID_9016,0,2,2,56,0,1.144041699,1.144041699
ID_5387,5L7a,2011,5,2,ID_1824,6,12,18,56,3.432125096,6.864250192,10.29637529
ID_5846,1L5a,2011,9,5,ID_7527,0,0,0,57,0,0,0
ID_6141,0C8c,2006,9,8,ID_8416,10,1,11,58,5.670773083,0.567077308,6.237850391
ID_6864,48Nc,2000,9,4,ID_3842,7,2,9,58,3.969541158,1.134154617,5.103695775
ID_4840,52Zb,2005,10,5,ID_9690,0,8,8,58,0,4.536618467,4.536618467
ID_2056,93Ia,1998,12,7,ID_7000,0,3,3,58,0,1.701231925,1.701231925
ID_4978,85Ta,2004,9,3,ID_2696,32,5,37,59,18.07039763,2.82349963,20.89389726
ID_3952,2A8b,2005,8,3,ID_3989,1,2,3,60,0.562381856,1.124763712,1.687145567
ID_6804,75Ja,1999,5,1,ID_2478,5,4,9,61,2.800602949,2.240482359,5.041085307
ID_3445,1K2a,2010,1,1,ID_8911,0,6,6,63,0,3.334554986,3.334554986
ID_2133,29Ba,1993,16,10,ID_5131,0,13,13,63,0,7.224869135,7.224869135
ID_6484,2J2a,2010,8,6,ID_4768,0,1,1,63,0,0.555759164,0.555759164
ID_3021,6K9a,2011,2,1,ID_7739,1,2,3,63,0.555759164,1.111518329,1.667277493
ID_6966,90Tb,2004,7,2,ID_2238,0,10,10,63,0,5.557591643,5.557591643
ID_7230,37Pb,2001,15,8,ID_8954,1,9,10,64,0.553654682,4.982892142,5.536546825
ID_8521,3B1a,2006,7,6,ID_5782,3,5,8,64,1.660964047,2.768273412,4.42923746
ID_6420,81EEa,1996,13,7,ID_7081,0,23,23,64,0,12.7340577,12.7340577
ID_7269,0K2a,2010,5,2,ID_8269,4,3,7,65,2.206393364,1.654795023,3.861188387
ID_3131,4I1b,2010,8,5,ID_8101,0,6,6,65,0,3.309590046,3.309590046
ID_4957,4K4b,2011,6,4,ID_7758,3,4,7,65,1.654795023,2.206393364,3.861188387
ID_4657,51Zb,2005,10,7,ID_9813,0,10,10,65,0,5.515983411,5.515983411
ID_2580,78Ia,1998,13,6,ID_9420,0,9,9,65,0,4.964385069,4.964385069
ID_2150,1EE7a,2007,8,3,ID_2457,3,4,7,68,1.637099814,2.182799752,3.819899566
ID_7411,8M7a,2012,5,2,ID_4689,3,2,5,68,1.63738576,1.09159051,2.72849969
ID_4215,L19a,1989,14,6,ID_8574,0,3,3,68,0,1.637099814,1.637099814
ID_1541,7C8c,2007,6,4,ID_1359,1,4,5,69,0.543818416,2.175273664,2.719092081
ID_6332,87Fb,1996,12,10,ID_7771,0,23,23,69,0,12.50782357,12.50782357
ID_9178,99Ja,1999,4,2,ID_4748,0,3,3,69,0,1.631455248,1.631455248
ID_9428,03Ha,1997,10,5,ID_2360,0,1,1,70,0,0.54197662,0.54197662
ID_8084,5A0c,2005,8,8,ID_6768,3,2,5,70,1.625929861,1.083953241,2.709883102
ID_4944,6C0a,2006,9,4,ID_1423,0,1,1,70,0,0.54197662,0.54197662
ID_6368,2K1a,2011,5,3,ID_6522,19,4,23,71,10.2632893,2.160692484,12.42398178
ID_5860,02Ta,2003,3,1,ID_9931,0,2,2,73,0,1.073351292,1.073351292
ID_9172,4S7a,2014,3,2,ID_1352,3,5,8,73,1.610026939,2.683378231,4.293405169
ID_4173,28Ja,1998,12,8,ID_2419,16,3,19,74,8.559666429,1.604937455,10.16460388
ID_8111,38EEa,1996,5,3,ID_2132,0,2,2,75,0,1.066631816,1.066631816
ID_9057,9C5a,2007,2,1,ID_9245,0,5,5,75,0,2.666579539,2.666579539
ID_9286,99Na,2000,5,2,ID_5132,9,0,9,76,4.785163206,0,4.785163206
ID_6585,32Gb,1997,5,5,ID_3454,0,0,0,77,0,0,0
ID_7052,40Va,2004,3,2,ID_1794,0,3,3,77,0,1.590254307,1.590254307
ID_4030,90Sa,2003,2,2,ID_6022,0,2,2,77,0,1.060169538,1.060169538
ID_4730,95Aa,1993,9,5,ID_9322,0,1,1,78,0,0.5285148,0.5285148
ID_5000,3D9a,2007,9,6,ID_9448,0,7,7,80,0,3.67822859,3.67822859
ID_7530,4H0b,2009,6,4,ID_9603,6,9,15,80,3.152767363,4.729151045,7.881918408
ID_3280,T83a,1990,13,8,ID_4533,2,6,8,81,1.047951637,3.143854911,4.191806549
ID_3147,00Vb,2004,12,7,ID_2677,3,74,77,82,1.567550573,38.66624746,40.23379803
ID_2017,44Ba,1993,3,2,ID_8645,2,1,3,82,1.045033715,0.522516858,1.567550573
ID_5075,93Za,2005,6,4,ID_5545,1,3,4,82,0.522516858,1.567550573,2.09006743
ID_1330,0M3a,2011,3,1,ID_3228,2,14,16,83,1.042167074,7.295169517,8.337336591
ID_2184,56EEa,1996,8,4,ID_1745,0,2,2,83,0,1.042167074,1.042167074
ID_4139,35Ba,1993,7,3,ID_8490,1,7,8,84,0.519675084,3.637725589,4.157400674
ID_5923,6C2a,2006,8,3,ID_1311,1,10,11,84,0.519675084,5.196750842,5.716425926
ID_5710,9C1b,2007,5,2,ID_8579,0,14,14,87,0,7.218283593,7.218283593
ID_9329,5D9a,2007,10,5,ID_7619,0,4,4,88,0,2.057102415,2.057102415
ID_8560,3EE7a,2007,4,3,ID_5287,2,4,6,89,1.025961964,2.051923928,3.077885892
ID_4035,5C0a,2006,10,5,ID_9755,9,0,9,89,4.616828838,0,4.616828838
ID_4155,0A9a,2005,12,4,ID_9804,6,4,10,90,3.070243315,2.046828876,5.117072191
ID_4766,24Va,2004,8,6,ID_3997,1,5,6,90,0.511707219,2.558536096,3.070243315
ID_9083,64Pb,2001,14,5,ID_4025,18,5,23,90,9.210729944,2.558536096,11.76926604
ID_3147,00Vc,2004,12,7,ID_2416,3,3,6,91,1.531361212,1.531361212,3.062722423
ID_4269,44Jb,1998,13,8,ID_5220,1,1,2,92,0.509219981,0.509219981,1.018439962
ID_4782,7A8a,2005,13,6,ID_6447,1,1,2,92,0.509219981,0.509219981,1.018439962
ID_9199,96Gb,1997,6,4,ID_4847,55,4,59,92,28.00709895,2.036879924,30.04397888
ID_9066,70Ta,2003,4,2,ID_2199,4,9,13,94,2.02723812,4.561285769,6.588523889
ID_2752,76La,2000,11,5,ID_2985,3,14,17,96,1.513415495,7.062605645,8.57602114
ID_1867,98Vb,2004,8,4,ID_6720,1,4,5,96,0.504471832,2.017887327,2.522359159
ID_5200,O35a,1989,10,4,ID_5461,2,1,3,96,1.008943664,0.504471832,1.513415495
ID_5271,2EE1a,2007,11,6,ID_5655,1,24,25,97,0.503329085,12.07989805,12.58322714
ID_8084,5A0a,2005,8,8,ID_7222,0,11,11,99,0,5.512029468,5.512029468
ID_8754,43Ja,1998,13,7,ID_9977,1,7,8,102,0.497859163,3.48501414,3.982873303
ID_7673,54Na,2000,13,5,ID_8575,0,3,3,105,0,1.48427463,1.48427463
ID_2752,76Lc,2000,11,5,ID_2368,0,6,6,105,0,2.968549261,2.968549261
ID_6431,3F7b,2008,8,6,ID_9413,4,5,9,106,1.975010327,2.468762909,4.443773237
ID_6841,2F0b,2008,11,6,ID_9415,8,11,19,108,3.934251274,5.409595501,9.343846775
ID_6403,4C5a,2006,10,3,ID_4817,3,10,13,108,1.475344228,4.917814092,6.39315832
ID_7980,7J8a,2010,7,4,ID_9979,14,3,17,108,6.884939729,1.475344228,8.360283957
ID_7230,37Pd,2001,15,8,ID_9068,0,9,9,109,0,4.417337268,4.417337268
ID_8161,3D4a,2007,7,4,ID_1018,4,6,10,109,1.963261008,2.944891512,4.90815252
ID_5624,4A0b,2005,14,6,ID_5158,20,9,29,110,9.797233107,4.408754898,14.20598801
ID_5847,97Rb,2002,13,8,ID_8126,2,5,7,110,0.979723311,2.449308277,3.429031588
ID_3311,8B0a,2006,7,5,ID_8786,0,17,17,113,0,8.280248645,8.280248645
ID_4278,I50a,1989,8,7,ID_8541,0,1,1,113,0,0.48707345,0.48707345
ID_2852,28Nb,2000,6,4,ID_9049,7,3,10,114,3.403171515,1.458502078,4.861673593
ID_4173,28Jb,1998,12,8,ID_2843,9,6,15,118,4.343876711,2.895917808,7.239794519
ID_7530,4H0a,2009,6,4,ID_3174,3,4,7,118,1.447958904,1.930611872,3.378570775
ID_1155,5EE8b,2008,8,6,ID_2850,1,5,6,120,0.480958551,2.404792757,2.885751308
ID_9354,03Sb,2002,3,2,ID_6354,8,5,13,121,3.841010271,2.400631419,6.241641691
ID_6743,J91a,1989,9,5,ID_1297,5,3,8,121,2.400631419,1.440378852,3.841010271
ID_7099,50Ia,1998,13,10,ID_8871,4,20,24,122,1.917214826,9.586074131,11.50328896
ID_8084,5A0e,2005,8,8,ID_3948,1,2,3,122,0.479303707,0.958607413,1.43791112
ID_6431,3F7a,2008,8,6,ID_4180,0,11,11,123,0,5.263396859,5.263396859
ID_4978,85Tb,2004,9,3,ID_9148,2,29,31,123,0.956981247,13.87622808,14.83320933
ID_5710,9C1a,2007,5,2,ID_9596,39,5,44,123,18.66113432,2.392453118,21.05358744
ID_1489,L66a,1989,9,5,ID_7160,0,1,1,125,0,0.476892186,0.476892186
ID_9354,03Sa,2002,3,2,ID_5537,6,2,8,131,2.83383618,0.94461206,3.77844824
ID_4489,7A6a,2005,11,6,ID_7710,12,7,19,131,5.66767236,3.30614221,8.973814569
ID_1588,0I5a,2009,8,2,ID_5578,0,3,3,132,0,1.414711346,1.414711346
ID_9658,55Ha,1997,5,2,ID_5205,0,6,6,134,0,2.820735492,2.820735492
ID_8084,5A0d,2005,8,8,ID_9348,0,11,11,138,0,5.140477362,5.140477362
ID_7399,Z82a,1992,10,5,ID_9598,2,1,3,140,0.931910849,0.465955425,1.397866274
ID_9537,39Fa,1996,6,3,ID_6211,22,1,23,143,10.20722505,0.463964775,10.67118983
ID_1721,11Na,2000,5,2,ID_7625,6,1,7,148,2.764643525,0.460773921,3.225417446
ID_1272,91Aa,1993,13,6,ID_5245,6,10,16,148,2.764643525,4.607739209,7.372382735
ID_9230,V05a,1990,11,7,ID_2273,1,6,7,153,0.457730545,2.746383272,3.204113817
ID_5299,V65a,1990,9,4,ID_8870,6,2,8,155,2.73931113,0.91310371,3.65241484
ID_2592,16Za,2004,9,4,ID_2092,20,17,37,156,9.119408909,7.751497572,16.87090648
ID_9617,03Za,2004,8,5,ID_1215,1,1,2,157,0.455394216,0.455394216,0.910788431
ID_3707,67Ga,1997,9,5,ID_1715,1,21,22,157,0.455394216,9.56327853,10.01867275
ID_5615,15EEa,1995,14,10,ID_4470,9,6,15,158,4.093407768,2.728938512,6.822346281
ID_8443,X37a,1991,14,10,ID_8449,2,10,12,161,0.906279024,4.531395118,5.437674141
ID_2852,28Na,2000,6,4,ID_3405,4,7,11,162,1.810352034,3.168116059,4.978468093
ID_3100,36Oa,2001,11,7,ID_3976,28,2,30,162,12.67246424,0.905176017,13.57764025
ID_7099,50Ic,1998,13,10,ID_2371,0,12,12,164,0,5.417989178,5.417989178
ID_2389,S97a,1989,5,2,ID_2686,11,2,13,166,4.954713718,0.90085704,5.855570758
ID_7240,45Za,2005,5,3,ID_4692,3,8,11,170,1.345020714,3.586721903,4.931742617
ID_3351,13Ha,1997,11,9,ID_1296,19,3,22,172,8.499109026,1.341964583,9.841073609
ID_2719,98Ta,2004,10,10,ID_3381,5,4,9,173,2.2340916,1.78727328,4.02136488
ID_9927,73Bb,1994,12,5,ID_2035,4,11,15,175,1.783295652,4.904063044,6.687358696
ID_3116,4T7a,2015,4,3,ID_9295,93,3,96,177,41.37059875,1.334535443,42.70513419
ID_2449,90Va,2004,2,1,ID_6638,0,9,9,178,0,3.999253469,3.999253469
ID_9927,73Ba,1994,12,5,ID_9379,13,9,22,179,5.770460754,3.994934368,9.765395122
ID_2282,79Za,2005,11,5,ID_3955,17,9,26,179,7.54598714,3.994934368,11.54092151
ID_6520,2C8b,2006,10,6,ID_8595,26,8,34,180,11.52854032,3.547243174,15.07578349
ID_3065,8A5a,2005,12,10,ID_6637,15,16,31,180,6.651080952,7.094486349,13.7455673
ID_1241,31Ga,1997,2,1,ID_4218,1,2,3,182,0.4424639,0.884927799,1.327391699
ID_8559,74Kc,1999,13,5,ID_9593,3,10,13,183,1.325995516,4.419985053,5.745980569
ID_6420,81EEb,1996,13,7,ID_1833,5,7,12,183,2.209992527,3.093989537,5.303982064
ID_6520,2C8c,2006,10,6,ID_5935,16,0,16,184,7.064585874,0,7.064585874
ID_6544,56Ab,1993,15,9,ID_8959,22,22,44,185,9.703720157,9.703720157,19.40744031
ID_5827,6A4c,2005,10,6,ID_8956,40,3,43,186,17.62492701,1.321869526,18.94679654
ID_6141,0C8b,2006,9,8,ID_2952,10,5,15,192,4.379623623,2.189811812,6.569435435
ID_8655,51Va,2004,8,5,ID_9851,2,3,5,193,0.875060097,1.312590145,2.187650242
ID_6267,81Ib,1998,7,5,ID_3734,54,0,54,193,23.62662261,0,23.62662261
ID_2842,07Aa,1992,10,7,ID_5379,149,39,188,194,65.12802139,17.04693177,82.17495316
ID_3721,07La,1999,10,4,ID_5657,0,6,6,197,0,2.614987282,2.614987282
ID_6520,2C8a,2006,10,6,ID_1301,16,6,22,197,6.973299418,2.614987282,9.5882867
ID_2944,4A5c,2005,10,6,ID_5952,19,0,19,197,8.280793059,0,8.280793059
ID_9371,I56a,1989,12,7,ID_6088,5,2,7,200,2.172939948,0.869175979,3.042115928
ID_1588,0I5b,2009,8,2,ID_6757,4,7,11,201,1.73671711,3.039254942,4.775972052
ID_9199,96Ga,1997,6,4,ID_7149,39,8,47,201,16.93299182,3.473434219,20.40642604
ID_6841,2F0c,2008,11,6,ID_1466,38,4,42,202,16.48338752,1.735093424,18.21848095
ID_9836,36Za,2004,8,4,ID_6795,1,4,5,203,0.433370192,1.733480766,2.166850958
ID_5891,0M4a,2011,6,4,ID_4604,82,39,121,209,35.34259908,16.80928493,52.15188401
ID_4154,T84a,1990,8,1,ID_1896,1,9,10,209,0.431007306,3.879065753,4.310073059
ID_1746,6F2a,2008,2,1,ID_5796,45,9,54,213,19.32674549,3.865349098,23.19209459
ID_4665,0A4b,2005,8,4,ID_3942,10,5,15,214,4.291083461,2.14554173,6.436625191
ID_1600,93Oa,2001,14,11,ID_7144,16,9,25,214,6.865733538,3.861975115,10.72770865
ID_1937,R59a,1989,10,5,ID_7400,1,7,8,217,0.42799796,2.995985721,3.423983681
ID_8324,4EE0a,2007,8,2,ID_1526,19,2,21,218,8.125017528,0.855265003,8.980282531
ID_5276,4B2b,2006,12,6,ID_2753,4,31,35,222,1.704773341,13.21199339,14.91676674
ID_6816,0B5a,2005,10,2,ID_3714,0,6,6,223,0,2.555034525,2.555034525
ID_5005,37Db,1995,9,5,ID_8800,6,34,40,225,2.550822461,14.45466061,17.00548307
ID_6537,19Aa,1992,14,8,ID_5497,12,5,17,226,5.097471213,2.123946339,7.221417551
ID_6267,81Ia,1998,7,5,ID_9174,12,7,19,227,5.093322708,2.971104913,8.064427622
ID_7933,92Da,1995,6,3,ID_1349,9,3,12,228,3.816899356,1.272299785,5.089199142
ID_1899,V44a,1990,12,8,ID_7474,42,7,49,235,17.71353771,2.952256286,20.665794000000002
ID_1235,67Fa,1996,5,2,ID_3080,10,1,11,240,4.201307777,0.420130778,4.621438554
ID_6484,2J2b,2010,8,6,ID_2501,15,4,19,241,6.297184164,1.679249111,7.976433275
ID_3422,50Ka,1999,7,4,ID_9161,0,16,16,246,0,6.691942392,6.691942392
ID_6485,61Ja,1999,12,7,ID_4443,0,27,27,246,0,11.29265279,11.29265279
ID_4731,69Ob,2001,12,3,ID_1232,74,5,79,247,30.92744357,2.089692133,33.0171357
ID_8559,74Ka,1999,13,5,ID_3532,6,6,12,254,2.494974999,2.494974999,4.989949998
ID_7603,89Ka,1999,15,9,ID_4261,33,2,35,254,13.7223625,0.831658333,14.55402083
ID_6841,2F0a,2008,11,6,ID_2381,40,5,45,255,16.62137218,2.077671522,18.6990437
ID_5786,28Ga,1997,6,2,ID_1938,55,22,77,267,22.66628673,9.066514691,31.73280142
ID_5390,68Ja,1998,7,3,ID_5324,15,1,16,273,6.157224362,0.410481624,6.567705986
ID_3568,1EE3a,2007,1,1,ID_2221,5,7,12,279,2.044484546,2.862278365,4.906762911
ID_1334,13Ba,1993,12,6,ID_7087,5,7,12,295,2.024437376,2.834212326,4.858649701
ID_2725,X17a,1991,13,5,ID_3447,97,12,109,298,39.20433367,4.850020661,44.05435434
ID_7674,90Da,1995,7,3,ID_2079,6,4,10,323,2.391197979,1.594131986,3.985329965
ID_4731,69Oa,2001,12,3,ID_8531,27,9,36,324,10.7546369,3.5848789659999998,14.33951586
ID_5116,76Ha,1997,5,2,ID_8849,14,13,27,327,5.567601564,5.169915738,10.7375173
ID_2386,02Aa,1992,14,7,ID_7663,102,3,105,331,40.47895343,1.190557454,41.66951088
ID_4766,24Vb,2004,8,6,ID_9055,20,76,96,358,7.831212233,29.75860649,37.58981872
ID_1958,60Pa,2001,9,5,ID_9502,32,15,47,409,12.25244646,5.743334278,17.99578074
ID_5059,7B7a,2006,10,7,ID_8847,19,4,23,481,7.083882288,1.49134364,8.575225927
ID_5847,97Ra,2002,13,8,ID_9327,17,5,22,522,6.255357293,1.839810968,8.095168261
ID_3539,2G3a,2009,4,3,ID_9722,0,95,95,104,0,47.09887,47.09887
ID_3419,2A7b,2005,13,10,ID_7310,5,2,7,145,2.31335,0.92534,3.23869
ID_3419,2A7a,2005,13,10,ID_2453,1,0,1,82,0.522517,0,0.522517
